順位,名字,推定人口数,img_path
1,佐藤,1875000,images/takeru.png
2,鈴木,1840000,images/suzukiudo.png
3,高橋,1433000,images/takahashi.png
4,田中,1395000,images/tanaka.png
5,伊藤,1132000,
6,渡辺,1111000,
7,山本,1083000,
8,中村,1075000,
9,小林,1066000,
10,加藤,897000,
11,吉田,878000,
12,山田,856000,
13,佐々木,812000,
14,山口,820000,
15,松本,780000,
16,井上,770000,
17,木村,750000,
18,林,730000,
19,清水,720000,images/simizu.png
20,斉藤,690000,
21,山崎,490000,
22,森,453000,
23,池田,448000,
24,橋本,436000,
25,阿部,428000,
26,石川,417000,
27,山下,407000,
28,中島,391000,
29,石井,389000,
30,小川,387000,
31,前田,370000,
32,岡田,369000,
33,長谷川,368000,
34,藤田,363000,
35,後藤,361000,
36,近藤,360500,
37,村上,344000,
38,遠藤,334000,
39,青木,331000,
40,坂本,326000,
41,斉藤,324000,
42,福田,314000,
43,太田,311000,
44,西村,309000,
45,藤井,299000,
46,金子,290000,
47,岡本,288000,
48,藤原,286500,
49,中野,286000,
50,三浦,285000,
51,原田,283000,
52,中川,282000,
53,松田,280000,images/matsu.png
54,竹内,279000,
55,小野,271000,
56,田村,271300,
57,中山,262400,
58,和田,259600,
59,石田,258800,
60,森田,254600,
61,上田,240800,
62,原,239300,
63,内田,239200,
64,柴田,236100,
65,酒井,233300,
66,宮崎,231500,
67,横山,233600,
68,高木,227300,
69,安藤,225400,
70,宮本,222300,
71,大野,216300,
72,小島,212200,
73,谷口,208100,
74,今井,207500,
75,工藤,205100,
76,高田,204400,
77,増田,204200,
78,丸山,203100,
79,杉山,201300,
80,村田,205600,
81,新井,203000,
82,大塚,202000,
83,小山,199500,
84,平野,198200,
85,藤本,196500,
86,野口,194200,
87,河野,194100,
88,上野,194100,
89,武田,193600,
90,松井,189800,
91,岩崎,186600,
92,千葉,186300,
93,菅原,185200,
94,木下,182700,
95,久保,182800,
96,佐野,180400,
97,野村,180200,
98,松尾,178300,
99,市川,177500,
100,菊地,177000,
101,杉本,176700,
102,島田,171200,
103,古川,171100,
104,大西,170500,
105,水野,170300,
106,桜井,169700,
107,高野,167200,
108,吉川,166300,
109,渡部,165500,
110,山内,159100,
111,飯田,158100,
112,西田,158000,
113,西川,156800,
114,菊池,156400,
115,小松,154600,
116,北村,154000,
117,安田,153100,
118,五十嵐,151500,
119,川口,151000,
120,関,151000,
121,平田,150000,
122,中田,148000,
123,久保田,148000,
124,服部,147000,
125,岩田,146600,
126,東,146400,
127,土屋,146200,
128,福島,145600,
129,川崎,145000,
130,本田,144600,
131,辻,144000,
132,樋口,143700,
133,秋山,143200,
134,永井,142300,
135,田口,142200,
136,山中,142100,
137,中西,141400,
138,吉村,141000,
139,川上,140000,
140,石原,138500,
141,大橋,138000,
142,松岡,137700,
143,馬場,137000,
144,浜田,136200,
145,森本,134800,
146,星野,134500,
147,浅野,134200,
148,矢野,134000,
149,大久保,133500,
150,松下,132000,
151,小池,131500,
152,吉岡,131200,
153,野田,131000,
154,荒木,128300,images/araki.png
155,内藤,128100,
156,大谷,128000,
157,松浦,127500,
158,熊谷,127000,
159,黒田,124500,
160,尾崎,123300,
161,永田,122400,
162,望月,122000,
163,荒井,121500,
164,田辺,121200,
165,川村,121100,
166,松村,121000,
167,堀,121000,
168,早川,121200,
169,栗原,129400,
170,大島,124500,
171,平井,122000,
172,西山,119900,
173,菅野,119500,
174,広瀬,119400,
175,石橋,117000,
176,横田,116000,
177,萩原,115500,
178,岩本,114000,
179,関口,113300,
180,片山,113100,
181,宮田,112000,
182,大石,111000,
183,吉野,109500,
184,高山,109200,
185,須藤,109100,
186,本間,109000,
187,岡崎,108600,
188,小田,107800,
189,伊東,107400,
190,上原,107300,
191,鎌田,106800,
192,篠原,106400,
193,小西,105000,
194,古賀,104800,
195,松原,104600,
196,福井,104300,
197,小泉,104100,
198,大森,103700,
199,奥村,103200,
200,南,102800,
201,成田,102500,
202,内山,102300,
203,川島,102000,
204,沢田,101900,
205,桑原,101700,
206,杉浦,101500,
207,三宅,101300,
208,片岡,101100,
209,富田,101000,
210,岡,99900,
211,八木,99800,
212,小沢,99700,
213,奥田,99600,
214,関根,98900,
215,松永,98700,
216,北川,98400,
217,河合,98200,
218,平山,98100,
219,牧野,97700,
220,白石,96900,
221,今村,96500,
222,寺田,96400,
223,青山,95800,
224,小倉,94800,
225,中尾,93700,
226,渋谷,93300,
227,上村,92600,
228,大山,92300,
229,小野寺,92200,
230,足立,92000,
231,岡村,91900,
232,天野,91800,
233,坂口,91600,
234,多田,90800,
235,佐久間,90500,
236,根本,90300,
237,豊田,89900,
238,田島,89500,
239,飯塚,89300,
240,角田,89200,
241,村山,88800,
242,武藤,88300,
243,白井,88200,
244,西,87800,
245,榎本,87700,
246,宮下,87400,
247,塚本,87400,
248,竹田,87400,
249,神谷,87100,
250,坂田,86800,
251,水谷,86500,
252,児玉,86300,
253,坂井,86100,
254,齋藤,85300,
255,浅井,84200,
256,岡部,83900,
257,小原,83800,
258,神田,83300,
259,森下,83300,
260,中井,83100,images/nakai.png
261,植田,83100,
262,小笠原,83000,
263,河村,82900,
264,稲垣,82400,
265,宮川,82300,
266,前川,81100,
267,大川,81000,
268,飯島,80500,
269,松崎,80200,
270,長田,79900,
271,若林,79800,
272,谷,78500,'
273,大沢,78400,
274,石塚,78300,
275,安部,77500,
276,堀内,77100,
277,田代,76600,
278,及川,76500,
279,中嶋,76200,
280,江口,76100,
281,中谷,75400,
282,山根,75300,
283,岸本,75000,
284,荒川,74900,
285,本多,74700,
286,西尾,74500,
287,森山,74100,
288,岡野,74000,
289,金井,73900,
290,細川,73400,
291,今野,73200,
292,稲葉,73100,
293,戸田,73000,
294,津田,72800,
295,安達,72700,
296,落合,72600,
297,森川,72500,
298,土井,72200,
299,村松,72200,
300,町田,71900,
301,星,71800,'
302,三上,70800,
303,畠山,70600,
304,岩井,70500,
305,堤,69900,'
306,長尾,69800,
307,中原,69700,
308,野崎,68600,
309,中沢,68200,
310,金田,68000,
311,米田,67400,
312,杉田,67300,
313,松山,67200,
314,堀田,67100,
315,西野,66700,
316,三好,66400,
317,山岸,66400,images/ys.png
318,佐伯,66400,
320,西岡,64700,
321,大竹,64600,
322,泉,64300,
323,甲斐,64400,
325,笠原,63800,
326,堀江,63700,
327,岸,63300,
328,川田,63900,
329,徳永,63400,
330,須田,62200,
331,山川,62100,
332,黒木,62100,
333,榊原,62600,
334,古田,62500,
335,梅田,62700,
336,三木,61100,
337,野中,61900,
338,新田,61700,
339,大城,61300,
340,金城,61200,
341,村井,60700,
342,奥山,60400,
343,土田,60900,
344,滝沢,59400,
345,大村,59500,
346,川端,59500,
347,井口,58900,
349,宮城,57100,
350,大場,57400,
351,比嘉,57700,
352,長島,56700,
354,宮内,56900,
355,金沢,56200,
356,安井,56800,
357,庄司,55700,
358,大内,55700,
359,茂木,55800,
360,荻野,55600,
361,松島,54200,
362,日高,54100,
363,下田,54600,
364,向井,54500,
365,塚田,54500,images/tsukada.png
366,石黒,54400,
367,奥野,54200,
368,西本,54900,
369,広田,54100,
370,竹中,54000,
371,嶋田,54000,
372,栗田,53700,
373,福本,53600,
374,藤川,53600,
375,北野,53400,
376,藤野,53300,
377,宇野,53200,
378,丹羽,53500,
379,川原,53000,
380,谷川,52900,
381,小谷,52800,
382,青柳,52600,
383,吉本,52400,
384,竹下,52300,
385,竹本,52300,
386,藤岡,52300,
387,古谷,52300,
388,緒方,52200,
389,平川,51800,
390,亀井,51700,
391,藤村,51700,
392,高島,51600,
393,三輪,51600,
394,篠崎,51200,
395,藤沢,50900,
396,窪田,50700,
397,宮原,50600,
398,根岸,50400,
399,高井,50100,
400,下村,49800,
401,高瀬,49800,
402,山村,49500,
403,小澤,49400,
404,川本,49400,
405,柳沢,49300,
406,横井,49300,
407,吉沢,49100,
408,武井,49100,
409,出口,49000,
410,小森,48800,
411,竹村,48400,
412,長野,48300,
413,志村,48000,
414,宮沢,47900,
415,平松,47600,
416,臼井,47500,
417,黒沢,47300,
418,福岡,47300,
419,溝口,47100,
420,田原,46800,
421,稲田,46700,
422,浅田,46500,
423,奧村,46200,
424,柳田,46200,
425,筒井,46200,
426,永野,46100,
427,大原,46000,
428,瀬戸,45900,
429,冨田,45900,
430,林田,45800,
431,大平,45700,
432,手塚,45600,
433,篠田,45600,
434,入江,45600,
435,北原,45400,
436,福永,45400,
437,矢島,45300,
438,富永,45200,
439,小出,45200,
440,湯浅,45000,
441,鶴田,45000,
442,沼田,44800,
443,堀口,44700,
444,岩瀬,44600,
445,高松,44600,
446,長岡,44500,
447,山岡,44200,
448,大田,44000,
449,澤田,43800,
450,石崎,43800,
451,大槻,43700,
452,石山,43500,
453,池上,43300,
454,二宮,43000,
455,堀川,42900,
456,島崎,42900,
457,柏木,42900,
458,園田,42800,
459,奧田,42800,
460,相馬,42800,
461,平岡,42700,
462,花田,42500,
463,杉原,42200,
464,加納,42100,
465,村瀬,42100,
466,川野,42000,
467,内海,41800,
468,片桐,41800,
469,倉田,41700,
470,長沢,41700,
471,野沢,41600,
472,河原,41600,
473,秋元,41500,
474,福原,41500,
475,松野,41300,
476,西原,41200,
477,越智,41100,
478,笠井,41100,
479,小坂,40600,
480,田畑,40500,
481,北島,40300,
482,渡邊,40300,
483,日野,40200,
484,谷本,40000,
485,吉井,40000,
486,深沢,39900,
487,千田,39900,
488,西沢,39800,
489,相沢,39700,
490,徳田,39600,
491,原口,39400,
492,米山,39300,
493,細谷,39200,
494,小柳,39200,
495,新谷,39100,
496,田上,39000,
497,今泉,39000,
498,浜野,38900,
499,菅,38700,
500,森岡,38500